Compound,cas,class,mw,logp,reactivegroups,leavinggroup,steric,basescore,predicted_kr,logkow,AEGL1 (10min) - aegl (mg/m³),AEGL1 (30min) - aegl (mg/m³),AEGL1 (4hr) - aegl (mg/m³),AEGL1 (60min) - aegl (mg/m³),AEGL1 (8hr) - aegl (mg/m³),AEGL2 (10min) - aegl (mg/m³),AEGL2 (30min) - aegl (mg/m³),AEGL2 (4hr) - aegl (mg/m³),AEGL2 (60min) - aegl (mg/m³),AEGL2 (8hr) - aegl (mg/m³),AEGL3 (10min) - aegl (mg/m³),AEGL3 (30min) - aegl (mg/m³),AEGL3 (4hr) - aegl (mg/m³),AEGL3 (60min) - aegl (mg/m³),AEGL3 (8hr) - aegl (mg/m³),AEGL1 (10min) - lag time (hr),AEGL1 (30min) - lag time (hr),AEGL1 (4hr) - lag time (hr),AEGL1 (60min) - lag time (hr),AEGL1 (8hr) - lag time (hr),AEGL2 (10min) - lag time (hr),AEGL2 (30min) - lag time (hr),AEGL2 (4hr) - lag time (hr),AEGL2 (60min) - lag time (hr),AEGL2 (8hr) - lag time (hr),AEGL3 (10min) - lag time (hr),AEGL3 (30min) - lag time (hr),AEGL3 (4hr) - lag time (hr),AEGL3 (60min) - lag time (hr),AEGL3 (8hr) - lag time (hr),AEGL1 (10min) - time to dose (hr),AEGL1 (30min) - time to dose (hr),AEGL1 (4hr) - time to dose (hr),AEGL1 (60min) - time to dose (hr),AEGL1 (8hr) - time to dose (hr),AEGL2 (10min) - time to dose (hr),AEGL2 (30min) - time to dose (hr),AEGL2 (4hr) - time to dose (hr),AEGL2 (60min) - time to dose (hr),AEGL2 (8hr) - time to dose (hr),AEGL3 (10min) - time to dose (hr),AEGL3 (30min) - time to dose (hr),AEGL3 (4hr) - time to dose (hr),AEGL3 (60min) - time to dose (hr),AEGL3 (8hr) - time to dose (hr),AEGL1 (10min) - time to dose (days),AEGL1 (30min) - time to dose (days),AEGL1 (4hr) - time to dose (days),AEGL1 (60min) - time to dose (days),AEGL1 (8hr) - time to dose (days),AEGL2 (10min) - time to dose (days),AEGL2 (30min) - time to dose (days),AEGL2 (4hr) - time to dose (days),AEGL2 (60min) - time to dose (days),AEGL2 (8hr) - time to dose (days),AEGL3 (10min) - time to dose (days),AEGL3 (30min) - time to dose (days),AEGL3 (4hr) - time to dose (days),AEGL3 (60min) - time to dose (days),AEGL3 (8hr) - time to dose (days)
"1,3-Bis(2-Chloroethylthio)-N-Propane",63905-10-2,Blister agent,233.2,3.48,undefined,Cl,Medium,0.4,0.0024159564205289,undefined,undefined,undefined,undefined,undefined,undefined,undefined,undefined,undefined,undefined,undefined,undefined,undefined,undefined,undefined,undefined,undefined,undefined,undefined,undefined,undefined,undefined,undefined,undefined,undefined,undefined,undefined,undefined,undefined,undefined,undefined,undefined,undefined,undefined,undefined,undefined,undefined,undefined,undefined,undefined,undefined,undefined,undefined,undefined,undefined,undefined,undefined,undefined,undefined,undefined,undefined,undefined,undefined,undefined,undefined,undefined,undefined,undefined,undefined,undefined,undefined
1-Bromo-2-Butanone,816-40-0,Riot control,151.0,0.6,Carbonyl,Br,Medium,0.001,0.005,undefined,undefined,undefined,undefined,undefined,undefined,undefined,undefined,undefined,undefined,undefined,undefined,undefined,undefined,undefined,undefined,undefined,undefined,undefined,undefined,undefined,undefined,undefined,undefined,undefined,undefined,undefined,undefined,undefined,undefined,undefined,undefined,undefined,undefined,undefined,undefined,undefined,undefined,undefined,undefined,undefined,undefined,undefined,undefined,undefined,undefined,undefined,undefined,undefined,undefined,undefined,undefined,undefined,undefined,undefined,undefined,undefined,undefined,undefined,undefined,undefined
1-Chloroacetophenone,532-27-4,Riot control,154.6,1.93,Carbonyl,Cl,Medium,0.001,0.005,undefined,undefined,undefined,undefined,undefined,undefined,undefined,undefined,undefined,undefined,undefined,undefined,undefined,undefined,undefined,undefined,undefined,undefined,undefined,undefined,undefined,undefined,undefined,undefined,undefined,undefined,undefined,undefined,undefined,undefined,undefined,undefined,undefined,undefined,undefined,undefined,undefined,undefined,undefined,undefined,undefined,undefined,undefined,undefined,undefined,undefined,undefined,undefined,undefined,undefined,undefined,undefined,undefined,undefined,undefined,undefined,undefined,undefined,undefined,undefined,undefined
"2,3,7,8-Tetrachlorodibenzodioxin",1746-01-6,Blood agent,321.98,6.8,Phenol,Cl,High,0.001,4.179073787734306e-05,undefined,undefined,undefined,undefined,undefined,undefined,undefined,undefined,undefined,undefined,undefined,undefined,undefined,undefined,undefined,undefined,undefined,undefined,undefined,undefined,undefined,undefined,undefined,undefined,undefined,undefined,undefined,undefined,undefined,undefined,undefined,undefined,undefined,undefined,undefined,undefined,undefined,undefined,undefined,undefined,undefined,undefined,undefined,undefined,undefined,undefined,undefined,undefined,undefined,undefined,undefined,undefined,undefined,undefined,undefined,undefined,undefined,undefined,undefined,undefined,undefined
2-Chlorobenzilidene Malononitrile,2698-41-1,Riot control,188.62,2.76,Alkene,Cl,Medium,0.001,0.005,2.76,undefined,undefined,undefined,undefined,undefined,0.083,0.083,0.083,0.083,0.083,140.0,29.0,1.5,11.0,1.5,undefined,undefined,undefined,undefined,undefined,0.54,0.54,0.54,0.54,0.54,0.54,0.54,0.54,0.54,0.54,undefined,undefined,undefined,undefined,undefined,0.2,0.2,0.4,0.3,0.5,0.2,0.2,0.4,0.3,0.5,undefined,undefined,undefined,undefined,undefined,0.01,0.01,0.02,0.01,0.02,0.01,0.01,0.02,0.01,0.02
2-Chloroethyl Ethyl Sulfide,693-07-2,Blister agent,124.63,2.16,undefined,Cl,Low,0.4,0.0150960057051092,undefined,undefined,undefined,undefined,undefined,undefined,undefined,undefined,undefined,undefined,undefined,undefined,undefined,undefined,undefined,undefined,undefined,undefined,undefined,undefined,undefined,undefined,undefined,undefined,undefined,undefined,undefined,undefined,undefined,undefined,undefined,undefined,undefined,undefined,undefined,undefined,undefined,undefined,undefined,undefined,undefined,undefined,undefined,undefined,undefined,undefined,undefined,undefined,undefined,undefined,undefined,undefined,undefined,undefined,undefined,undefined,undefined,undefined,undefined,undefined,undefined
2-Chloroethylchloromethylsulfide,542-81-4,Blister agent,110.6,1.66,undefined,Cl,Low,0.4,0.0242004247821039,undefined,undefined,undefined,undefined,undefined,undefined,undefined,undefined,undefined,undefined,undefined,undefined,undefined,undefined,undefined,undefined,undefined,undefined,undefined,undefined,undefined,undefined,undefined,undefined,undefined,undefined,undefined,undefined,undefined,undefined,undefined,undefined,undefined,undefined,undefined,undefined,undefined,undefined,undefined,undefined,undefined,undefined,undefined,undefined,undefined,undefined,undefined,undefined,undefined,undefined,undefined,undefined,undefined,undefined,undefined,undefined,undefined,undefined,undefined,undefined,undefined
3-Quinuclidinyl Benzilate,6581-06-2,Psychomimetic,337.4,3.01,Carbonyl,Other,High,0.001,1e-05,3.01,undefined,undefined,undefined,undefined,undefined,undefined,undefined,0.022,0.067,0.011,undefined,undefined,undefined,1.2,0.21,undefined,undefined,undefined,undefined,undefined,undefined,undefined,3.17,3.17,3.17,undefined,undefined,undefined,3.17,3.17,undefined,undefined,undefined,undefined,undefined,undefined,undefined,0.8,0.7,0.9,undefined,undefined,undefined,0.7,0.9,undefined,undefined,undefined,undefined,undefined,undefined,undefined,0.03,0.03,0.04,undefined,undefined,undefined,0.03,0.04
Acetone Cyanohydrin,75-86-5,Blood agent,85.11,-0.03,undefined,CN,Low,0.001,0.005,undefined,undefined,undefined,undefined,undefined,undefined,undefined,undefined,undefined,undefined,undefined,undefined,undefined,undefined,undefined,undefined,undefined,undefined,undefined,undefined,undefined,undefined,undefined,undefined,undefined,undefined,undefined,undefined,undefined,undefined,undefined,undefined,undefined,undefined,undefined,undefined,undefined,undefined,undefined,undefined,undefined,undefined,undefined,undefined,undefined,undefined,undefined,undefined,undefined,undefined,undefined,undefined,undefined,undefined,undefined,undefined,undefined,undefined,undefined,undefined,undefined
Acrolein,107-02-8,Lung injurant,56.06,-0.01,"Alkene, Carbonyl",Other,Low,0.001,1e-05,-0.01,0.068,0.068,0.068,0.068,0.068,14.2,5.73,0.229,0.229,0.229,14.2,5.73,1.1,3.21,0.619,0.98,0.98,0.98,0.98,0.98,0.98,0.98,0.98,0.98,0.98,0.98,0.98,0.98,0.98,0.98,328.5,983.6,7862.3,1966.3,15723.6,328.5,983.6,7862.3,1966.3,15723.6,328.5,983.6,7862.3,1966.3,15723.6,13.69,40.98,327.6,81.93,655.15,13.69,40.98,327.6,81.93,655.15,13.69,40.98,327.6,81.93,655.15
Adamsite,578-94-9,Vomiting agent,277.59,4.05,Amine,Cl,Medium,0.001,0.0012502146318435,undefined,undefined,undefined,undefined,undefined,undefined,undefined,undefined,undefined,undefined,undefined,undefined,undefined,undefined,undefined,undefined,undefined,undefined,undefined,undefined,undefined,undefined,undefined,undefined,undefined,undefined,undefined,undefined,undefined,undefined,undefined,undefined,undefined,undefined,undefined,undefined,undefined,undefined,undefined,undefined,undefined,undefined,undefined,undefined,undefined,undefined,undefined,undefined,undefined,undefined,undefined,undefined,undefined,undefined,undefined,undefined,undefined,undefined,undefined,undefined,undefined
Allyl Isothiocyanate,57-06-7,Riot control,99.15,2.15,Alkene,S,Low,0.001,0.0007245082808327,undefined,undefined,undefined,undefined,undefined,undefined,undefined,undefined,undefined,undefined,undefined,undefined,undefined,undefined,undefined,undefined,undefined,undefined,undefined,undefined,undefined,undefined,undefined,undefined,undefined,undefined,undefined,undefined,undefined,undefined,undefined,undefined,undefined,undefined,undefined,undefined,undefined,undefined,undefined,undefined,undefined,undefined,undefined,undefined,undefined,undefined,undefined,undefined,undefined,undefined,undefined,undefined,undefined,undefined,undefined,undefined,undefined,undefined,undefined,undefined,undefined
Ammonia,7664-41-7,Lung injurant,17.03,-1.38,undefined,Other,Low,0.001,1e-05,-1.38,20.9,20.9,20.9,20.9,20.9,153.0,153.0,76.6,111.0,76.6,1880.0,1110.0,383.0,766.0,272.0,2.22,2.22,2.22,2.22,2.22,2.22,2.22,2.22,2.22,2.22,2.22,2.22,2.22,2.22,2.22,47.1,137.0,1080.1,271.7,2158.1,47.1,137.0,1080.1,271.7,2158.1,47.1,137.0,1080.1,271.7,2158.1,1.96,5.71,45.01,11.32,89.92,1.96,5.71,45.01,11.32,89.92,1.96,5.71,45.01,11.32,89.92
Apomorphine,58-00-4,Psychomimetic,267.33,2.3,Phenol,Other,Medium,0.001,1e-05,undefined,undefined,undefined,undefined,undefined,undefined,undefined,undefined,undefined,undefined,undefined,undefined,undefined,undefined,undefined,undefined,undefined,undefined,undefined,undefined,undefined,undefined,undefined,undefined,undefined,undefined,undefined,undefined,undefined,undefined,undefined,undefined,undefined,undefined,undefined,undefined,undefined,undefined,undefined,undefined,undefined,undefined,undefined,undefined,undefined,undefined,undefined,undefined,undefined,undefined,undefined,undefined,undefined,undefined,undefined,undefined,undefined,undefined,undefined,undefined,undefined
Arsine,7784-42-1,Blood agent,77.95,-0.68,undefined,Other,Low,0.001,1e-05,undefined,undefined,undefined,undefined,undefined,undefined,undefined,undefined,undefined,undefined,undefined,undefined,undefined,undefined,undefined,undefined,undefined,undefined,undefined,undefined,undefined,undefined,undefined,undefined,undefined,undefined,undefined,undefined,undefined,undefined,undefined,undefined,undefined,undefined,undefined,undefined,undefined,undefined,undefined,undefined,undefined,undefined,undefined,undefined,undefined,undefined,undefined,undefined,undefined,undefined,undefined,undefined,undefined,undefined,undefined,undefined,undefined,undefined,undefined,undefined,undefined
Benactyzine,302-40-9,Psychomimetic,327.43,2.89,Carbonyl,Other,High,0.001,1e-05,undefined,undefined,undefined,undefined,undefined,undefined,undefined,undefined,undefined,undefined,undefined,undefined,undefined,undefined,undefined,undefined,undefined,undefined,undefined,undefined,undefined,undefined,undefined,undefined,undefined,undefined,undefined,undefined,undefined,undefined,undefined,undefined,undefined,undefined,undefined,undefined,undefined,undefined,undefined,undefined,undefined,undefined,undefined,undefined,undefined,undefined,undefined,undefined,undefined,undefined,undefined,undefined,undefined,undefined,undefined,undefined,undefined,undefined,undefined,undefined,undefined
Benperidol,2062-84-2,Psychomimetic,381.45,3.91,Carbonyl,F,High,0.001,0.0003338152020348,undefined,undefined,undefined,undefined,undefined,undefined,undefined,undefined,undefined,undefined,undefined,undefined,undefined,undefined,undefined,undefined,undefined,undefined,undefined,undefined,undefined,undefined,undefined,undefined,undefined,undefined,undefined,undefined,undefined,undefined,undefined,undefined,undefined,undefined,undefined,undefined,undefined,undefined,undefined,undefined,undefined,undefined,undefined,undefined,undefined,undefined,undefined,undefined,undefined,undefined,undefined,undefined,undefined,undefined,undefined,undefined,undefined,undefined,undefined,undefined,undefined
Benzyl Bromide,100-39-0,Riot control,171.04,2.92,undefined,Br,Medium,0.001,0.005,undefined,undefined,undefined,undefined,undefined,undefined,undefined,undefined,undefined,undefined,undefined,undefined,undefined,undefined,undefined,undefined,undefined,undefined,undefined,undefined,undefined,undefined,undefined,undefined,undefined,undefined,undefined,undefined,undefined,undefined,undefined,undefined,undefined,undefined,undefined,undefined,undefined,undefined,undefined,undefined,undefined,undefined,undefined,undefined,undefined,undefined,undefined,undefined,undefined,undefined,undefined,undefined,undefined,undefined,undefined,undefined,undefined,undefined,undefined,undefined,undefined
Benzyl Chloride,100-44-7,Riot control,126.59,2.3,undefined,Cl,Low,0.001,0.005,undefined,undefined,undefined,undefined,undefined,undefined,undefined,undefined,undefined,undefined,undefined,undefined,undefined,undefined,undefined,undefined,undefined,undefined,undefined,undefined,undefined,undefined,undefined,undefined,undefined,undefined,undefined,undefined,undefined,undefined,undefined,undefined,undefined,undefined,undefined,undefined,undefined,undefined,undefined,undefined,undefined,undefined,undefined,undefined,undefined,undefined,undefined,undefined,undefined,undefined,undefined,undefined,undefined,undefined,undefined,undefined,undefined,undefined,undefined,undefined,undefined
Bis(2-Chloroethylthio) Methane,63869-13-6,Blister agent,205.16,3.29,undefined,Cl,Medium,0.4,0.0030900128270483,undefined,undefined,undefined,undefined,undefined,undefined,undefined,undefined,undefined,undefined,undefined,undefined,undefined,undefined,undefined,undefined,undefined,undefined,undefined,undefined,undefined,undefined,undefined,undefined,undefined,undefined,undefined,undefined,undefined,undefined,undefined,undefined,undefined,undefined,undefined,undefined,undefined,undefined,undefined,undefined,undefined,undefined,undefined,undefined,undefined,undefined,undefined,undefined,undefined,undefined,undefined,undefined,undefined,undefined,undefined,undefined,undefined,undefined,undefined,undefined,undefined
Bis(2-Chloroethylthioethyl) Ether,63918-89-8,Blister agent,263.2,2.71,undefined,Cl,Medium,0.4,0.0049140342406274,undefined,undefined,undefined,undefined,undefined,undefined,undefined,undefined,undefined,undefined,undefined,undefined,undefined,undefined,undefined,undefined,undefined,undefined,undefined,undefined,undefined,undefined,undefined,undefined,undefined,undefined,undefined,undefined,undefined,undefined,undefined,undefined,undefined,undefined,undefined,undefined,undefined,undefined,undefined,undefined,undefined,undefined,undefined,undefined,undefined,undefined,undefined,undefined,undefined,undefined,undefined,undefined,undefined,undefined,undefined,undefined,undefined,undefined,undefined,undefined,undefined
Bis(2-Chloroethylthiomethyl) Ether,63918-90-1,Blister agent,235.2,1.73,undefined,Cl,Medium,0.4,0.0138473688803636,undefined,undefined,undefined,undefined,undefined,undefined,undefined,undefined,undefined,undefined,undefined,undefined,undefined,undefined,undefined,undefined,undefined,undefined,undefined,undefined,undefined,undefined,undefined,undefined,undefined,undefined,undefined,undefined,undefined,undefined,undefined,undefined,undefined,undefined,undefined,undefined,undefined,undefined,undefined,undefined,undefined,undefined,undefined,undefined,undefined,undefined,undefined,undefined,undefined,undefined,undefined,undefined,undefined,undefined,undefined,undefined,undefined,undefined,undefined,undefined,undefined
Bromine,7726-95-6,Lung injurant,159.81,1.03,undefined,Br,Medium,0.001,0.005,1.03,0.215,0.215,0.215,0.215,0.215,3.59,2.16,0.849,1.57,0.62,124.0,78.4,29.4,55.6,21.6,1.44,1.44,1.44,1.44,1.44,1.44,1.44,1.44,1.44,1.44,1.44,1.44,1.44,1.44,1.44,51606.3,154815.9,1238517.2,309630.4,2477033.0,51606.3,154815.9,1238517.2,309630.4,2477033.0,51606.3,154815.9,1238517.2,309630.4,2477033.0,2150.26,6450.66,51604.88,12901.27,103209.71,2150.26,6450.66,51604.88,12901.27,103209.71,2150.26,6450.66,51604.88,12901.27,103209.71
Bromoacetone,598-31-2,Riot control,136.98,0.11,Carbonyl,Br,Low,0.001,0.005,0.11,0.0616,0.0616,0.0616,0.0616,0.0616,7.84,3.19,0.616,1.85,0.353,23.0,9.52,1.79,5.49,1.06,2.47,2.47,2.47,2.47,2.47,2.47,2.47,2.47,2.47,2.47,2.47,2.47,2.47,2.47,2.47,38.7,111.3,872.9,220.1,1743.3,38.7,111.3,872.9,220.1,1743.3,38.7,111.3,872.9,220.1,1743.3,1.61,4.64,36.37,9.17,72.64,1.61,4.64,36.37,9.17,72.64,1.61,4.64,36.37,9.17,72.64
Bromobenzyl Cyanide,5798-79-8,Riot control,196.05,1.83,undefined,Br,Medium,0.001,0.005,undefined,undefined,undefined,undefined,undefined,undefined,undefined,undefined,undefined,undefined,undefined,undefined,undefined,undefined,undefined,undefined,undefined,undefined,undefined,undefined,undefined,undefined,undefined,undefined,undefined,undefined,undefined,undefined,undefined,undefined,undefined,undefined,undefined,undefined,undefined,undefined,undefined,undefined,undefined,undefined,undefined,undefined,undefined,undefined,undefined,undefined,undefined,undefined,undefined,undefined,undefined,undefined,undefined,undefined,undefined,undefined,undefined,undefined,undefined,undefined,undefined
Butyrophenone,495-40-9,Psychomimetic,148.21,2.77,Carbonyl,Other,Low,0.001,1e-05,undefined,undefined,undefined,undefined,undefined,undefined,undefined,undefined,undefined,undefined,undefined,undefined,undefined,undefined,undefined,undefined,undefined,undefined,undefined,undefined,undefined,undefined,undefined,undefined,undefined,undefined,undefined,undefined,undefined,undefined,undefined,undefined,undefined,undefined,undefined,undefined,undefined,undefined,undefined,undefined,undefined,undefined,undefined,undefined,undefined,undefined,undefined,undefined,undefined,undefined,undefined,undefined,undefined,undefined,undefined,undefined,undefined,undefined,undefined,undefined,undefined
Cacodyl Cyanide,683-45-4,Blood agent,131.01,0.85,undefined,CN,Low,0.001,0.005,undefined,undefined,undefined,undefined,undefined,undefined,undefined,undefined,undefined,undefined,undefined,undefined,undefined,undefined,undefined,undefined,undefined,undefined,undefined,undefined,undefined,undefined,undefined,undefined,undefined,undefined,undefined,undefined,undefined,undefined,undefined,undefined,undefined,undefined,undefined,undefined,undefined,undefined,undefined,undefined,undefined,undefined,undefined,undefined,undefined,undefined,undefined,undefined,undefined,undefined,undefined,undefined,undefined,undefined,undefined,undefined,undefined,undefined,undefined,undefined,undefined
Cadmium Chloride,10108-64-2,Lung injurant,183.32,-1.65,undefined,Cl,Medium,0.001,0.005,undefined,undefined,undefined,undefined,undefined,undefined,undefined,undefined,undefined,undefined,undefined,undefined,undefined,undefined,undefined,undefined,undefined,undefined,undefined,undefined,undefined,undefined,undefined,undefined,undefined,undefined,undefined,undefined,undefined,undefined,undefined,undefined,undefined,undefined,undefined,undefined,undefined,undefined,undefined,undefined,undefined,undefined,undefined,undefined,undefined,undefined,undefined,undefined,undefined,undefined,undefined,undefined,undefined,undefined,undefined,undefined,undefined,undefined,undefined,undefined,undefined
Cadmium Oxide,1306-19-0,Lung injurant,128.41,-0.07,undefined,Other,Low,0.001,1e-05,undefined,undefined,undefined,undefined,undefined,undefined,undefined,undefined,undefined,undefined,undefined,undefined,undefined,undefined,undefined,undefined,undefined,undefined,undefined,undefined,undefined,undefined,undefined,undefined,undefined,undefined,undefined,undefined,undefined,undefined,undefined,undefined,undefined,undefined,undefined,undefined,undefined,undefined,undefined,undefined,undefined,undefined,undefined,undefined,undefined,undefined,undefined,undefined,undefined,undefined,undefined,undefined,undefined,undefined,undefined,undefined,undefined,undefined,undefined,undefined,undefined
Capsaicin,404-86-4,Riot control,305.42,4.0,"Alkene, Carbonyl, Phenol",Other,High,0.001,1e-05,undefined,undefined,undefined,undefined,undefined,undefined,undefined,undefined,undefined,undefined,undefined,undefined,undefined,undefined,undefined,undefined,undefined,undefined,undefined,undefined,undefined,undefined,undefined,undefined,undefined,undefined,undefined,undefined,undefined,undefined,undefined,undefined,undefined,undefined,undefined,undefined,undefined,undefined,undefined,undefined,undefined,undefined,undefined,undefined,undefined,undefined,undefined,undefined,undefined,undefined,undefined,undefined,undefined,undefined,undefined,undefined,undefined,undefined,undefined,undefined,undefined
"Carbamic Acid, (2-Chloroethyl)Nitroso-, Methyl Ester",13589-15-6,Blister agent,166.57,1.47,Carbonyl,Cl,Medium,0.4,0.0206013218672379,undefined,undefined,undefined,undefined,undefined,undefined,undefined,undefined,undefined,undefined,undefined,undefined,undefined,undefined,undefined,undefined,undefined,undefined,undefined,undefined,undefined,undefined,undefined,undefined,undefined,undefined,undefined,undefined,undefined,undefined,undefined,undefined,undefined,undefined,undefined,undefined,undefined,undefined,undefined,undefined,undefined,undefined,undefined,undefined,undefined,undefined,undefined,undefined,undefined,undefined,undefined,undefined,undefined,undefined,undefined,undefined,undefined,undefined,undefined,undefined,undefined
Carbon Monoxide,630-08-0,Blood agent,28.01,0.4,undefined,Other,Low,0.001,1e-05,undefined,undefined,undefined,undefined,undefined,undefined,undefined,undefined,undefined,undefined,undefined,undefined,undefined,undefined,undefined,undefined,undefined,undefined,undefined,undefined,undefined,undefined,undefined,undefined,undefined,undefined,undefined,undefined,undefined,undefined,undefined,undefined,undefined,undefined,undefined,undefined,undefined,undefined,undefined,undefined,undefined,undefined,undefined,undefined,undefined,undefined,undefined,undefined,undefined,undefined,undefined,undefined,undefined,undefined,undefined,undefined,undefined,undefined,undefined,undefined,undefined
Carfentanil,59708-52-0,Psychomimetic,394.52,3.39,Carbonyl,Other,High,0.001,1e-05,undefined,undefined,undefined,undefined,undefined,undefined,undefined,undefined,undefined,undefined,undefined,undefined,undefined,undefined,undefined,undefined,undefined,undefined,undefined,undefined,undefined,undefined,undefined,undefined,undefined,undefined,undefined,undefined,undefined,undefined,undefined,undefined,undefined,undefined,undefined,undefined,undefined,undefined,undefined,undefined,undefined,undefined,undefined,undefined,undefined,undefined,undefined,undefined,undefined,undefined,undefined,undefined,undefined,undefined,undefined,undefined,undefined,undefined,undefined,undefined,undefined
Chlorine,7782-50-5,Lung injurant,70.91,0.85,undefined,Cl,Low,0.001,0.005,0.85,1.45,1.45,1.45,1.45,1.45,8.12,8.12,2.9,5.8,2.06,145.0,81.2,29.0,58.0,20.6,0.54,0.54,0.54,0.54,0.54,0.54,0.54,0.54,0.54,0.54,0.54,0.54,0.54,0.54,0.54,9152.6,27456.6,219649.3,54912.7,439298.1,9152.6,27456.6,219649.3,54912.7,439298.1,9152.6,27456.6,219649.3,54912.7,439298.1,381.36,1144.03,9152.06,2288.03,18304.09,381.36,1144.03,9152.06,2288.03,18304.09,381.36,1144.03,9152.06,2288.03,18304.09
Chloroacetone,78-95-5,Riot control,92.53,0.02,Carbonyl,Cl,Low,0.001,0.005,0.02,undefined,undefined,undefined,undefined,undefined,30.3,20.8,4.16,16.6,2.01,90.8,64.3,12.5,49.2,6.05,undefined,undefined,undefined,undefined,undefined,1.52,1.52,1.52,1.52,1.52,1.52,1.52,1.52,1.52,1.52,undefined,undefined,undefined,undefined,undefined,69.3,204.7,1627.3,408.0,3253.0,69.3,204.7,1627.3,408.0,3253.0,undefined,undefined,undefined,undefined,undefined,2.89,8.53,67.8,17.0,135.54,2.89,8.53,67.8,17.0,135.54
Chloromethyl Chloroformate,22128-62-7,Riot control,128.94,0.39,Carbonyl,Cl,Low,0.001,0.005,undefined,undefined,undefined,undefined,undefined,undefined,undefined,undefined,undefined,undefined,undefined,undefined,undefined,undefined,undefined,undefined,undefined,undefined,undefined,undefined,undefined,undefined,undefined,undefined,undefined,undefined,undefined,undefined,undefined,undefined,undefined,undefined,undefined,undefined,undefined,undefined,undefined,undefined,undefined,undefined,undefined,undefined,undefined,undefined,undefined,undefined,undefined,undefined,undefined,undefined,undefined,undefined,undefined,undefined,undefined,undefined,undefined,undefined,undefined,undefined,undefined
Chloropicrin,76-06-2,Lung injurant,164.38,2.09,Nitro,Cl,Medium,0.001,0.005,2.09,0.336,0.336,0.336,0.336,0.336,1.01,1.01,1.01,1.01,1.01,13.4,13.4,5.31,9.41,3.9,0.63,0.63,0.63,0.63,0.63,0.63,0.63,0.63,0.63,0.63,0.63,0.63,0.63,0.63,0.63,915.3,2744.7,21953.0,5488.7,43905.4,915.3,2744.7,21953.0,5488.7,43905.4,915.3,2744.7,21953.0,5488.7,43905.4,38.14,114.36,914.71,228.7,1829.39,38.14,114.36,914.71,228.7,1829.39,38.14,114.36,914.71,228.7,1829.39
Chlorotrifluoride,7790-91-2,Lung injurant,92.45,0.53,undefined,F,Low,0.001,0.005,0.53,0.454,0.454,0.454,0.454,0.454,30.6,13.2,2.65,7.56,1.55,318.0,136.0,27.6,79.4,27.6,0.95,0.95,0.95,0.95,0.95,0.95,0.95,0.95,0.95,0.95,0.95,0.95,0.95,0.95,0.95,46289.6,138866.8,1110928.0,277732.7,2221855.1,46289.6,138866.8,1110928.0,277732.7,2221855.1,46289.6,138866.8,1110928.0,277732.7,2221855.1,1928.73,5786.12,46288.67,11572.2,92577.3,1928.73,5786.12,46288.67,11572.2,92577.3,1928.73,5786.12,46288.67,11572.2,92577.3
Crotonaldehyde,4170-30-3,Riot control,70.09,0.6,"Alkene, Carbonyl",Other,Low,0.001,1e-05,0.6,0.544,0.544,0.544,0.544,0.544,77.4,25.5,3.15,12.6,1.6,126.0,77.4,7.45,40.1,4.3,0.67,0.67,0.67,0.67,0.67,0.67,0.67,0.67,0.67,0.67,0.67,0.67,0.67,0.67,0.67,25.4,74.8,593.5,148.9,1186.3,25.4,74.8,593.5,148.9,1186.3,25.4,74.8,593.5,148.9,1186.3,1.06,3.12,24.73,6.2,49.43,1.06,3.12,24.73,6.2,49.43,1.06,3.12,24.73,6.2,49.43
Cyanobromide,506-68-3,Blood agent,105.92,-0.29,undefined,Br,Low,0.001,0.005,undefined,undefined,undefined,undefined,undefined,undefined,undefined,undefined,undefined,undefined,undefined,undefined,undefined,undefined,undefined,undefined,undefined,undefined,undefined,undefined,undefined,undefined,undefined,undefined,undefined,undefined,undefined,undefined,undefined,undefined,undefined,undefined,undefined,undefined,undefined,undefined,undefined,undefined,undefined,undefined,undefined,undefined,undefined,undefined,undefined,undefined,undefined,undefined,undefined,undefined,undefined,undefined,undefined,undefined,undefined,undefined,undefined,undefined,undefined,undefined,undefined
Cyanogen,460-19-5,Blood agent,52.04,0.07,undefined,CN,Low,0.001,0.005,undefined,undefined,undefined,undefined,undefined,undefined,undefined,undefined,undefined,undefined,undefined,undefined,undefined,undefined,undefined,undefined,undefined,undefined,undefined,undefined,undefined,undefined,undefined,undefined,undefined,undefined,undefined,undefined,undefined,undefined,undefined,undefined,undefined,undefined,undefined,undefined,undefined,undefined,undefined,undefined,undefined,undefined,undefined,undefined,undefined,undefined,undefined,undefined,undefined,undefined,undefined,undefined,undefined,undefined,undefined,undefined,undefined,undefined,undefined,undefined,undefined
Cyanogen Chloride,506-77-4,Blood agent,61.47,-0.38,undefined,Cl,Low,0.001,0.005,undefined,undefined,undefined,undefined,undefined,undefined,undefined,undefined,undefined,undefined,undefined,undefined,undefined,undefined,undefined,undefined,undefined,undefined,undefined,undefined,undefined,undefined,undefined,undefined,undefined,undefined,undefined,undefined,undefined,undefined,undefined,undefined,undefined,undefined,undefined,undefined,undefined,undefined,undefined,undefined,undefined,undefined,undefined,undefined,undefined,undefined,undefined,undefined,undefined,undefined,undefined,undefined,undefined,undefined,undefined,undefined,undefined,undefined,undefined,undefined,undefined
Cyclosarin,329-99-7,Nerve agent,180.16,1.67,Organophosphorus,F,Medium,1.0,0.0082073333163613,1.67,0.0035,0.002,0.0007,0.0014,0.0005,0.044,0.025,0.0085,0.018,0.0065,0.38,0.19,0.07,0.13,0.051,1.08,1.08,1.08,1.08,1.08,1.08,1.08,1.08,1.08,1.08,1.08,1.08,1.08,1.08,1.08,4.0,9.8,70.7,18.5,140.2,4.0,9.8,70.7,18.5,140.2,4.0,9.8,70.7,18.5,140.2,0.17,0.41,2.94,0.77,5.84,0.17,0.41,2.94,0.77,5.84,0.17,0.41,2.94,0.77,5.84
Desflurane,57041-67-5,Psychomimetic,168.04,1.2,undefined,F,Medium,0.001,0.005,undefined,undefined,undefined,undefined,undefined,undefined,undefined,undefined,undefined,undefined,undefined,undefined,undefined,undefined,undefined,undefined,undefined,undefined,undefined,undefined,undefined,undefined,undefined,undefined,undefined,undefined,undefined,undefined,undefined,undefined,undefined,undefined,undefined,undefined,undefined,undefined,undefined,undefined,undefined,undefined,undefined,undefined,undefined,undefined,undefined,undefined,undefined,undefined,undefined,undefined,undefined,undefined,undefined,undefined,undefined,undefined,undefined,undefined,undefined,undefined,undefined
"Dibenz[B,F][1,4]Oxazepine",257-07-8,Riot control,195.22,3.49,Phenol,Other,Medium,0.001,1e-05,undefined,undefined,undefined,undefined,undefined,undefined,undefined,undefined,undefined,undefined,undefined,undefined,undefined,undefined,undefined,undefined,undefined,undefined,undefined,undefined,undefined,undefined,undefined,undefined,undefined,undefined,undefined,undefined,undefined,undefined,undefined,undefined,undefined,undefined,undefined,undefined,undefined,undefined,undefined,undefined,undefined,undefined,undefined,undefined,undefined,undefined,undefined,undefined,undefined,undefined,undefined,undefined,undefined,undefined,undefined,undefined,undefined,undefined,undefined,undefined,undefined
Diisopropyl Fluorophosphate,55-91-4,Nerve agent,184.15,1.17,Phosphate ester,F,Medium,1.0,0.0134240525116302,undefined,undefined,undefined,undefined,undefined,undefined,undefined,undefined,undefined,undefined,undefined,undefined,undefined,undefined,undefined,undefined,undefined,undefined,undefined,undefined,undefined,undefined,undefined,undefined,undefined,undefined,undefined,undefined,undefined,undefined,undefined,undefined,undefined,undefined,undefined,undefined,undefined,undefined,undefined,undefined,undefined,undefined,undefined,undefined,undefined,undefined,undefined,undefined,undefined,undefined,undefined,undefined,undefined,undefined,undefined,undefined,undefined,undefined,undefined,undefined,undefined
Diisopropylaminoethyl Methyl Thiolophosphonate,73207-98-4,Nerve agent,239.32,1.52,Organophosphorus,S,Medium,1.0,0.0008471504005947,undefined,undefined,undefined,undefined,undefined,undefined,undefined,undefined,undefined,undefined,undefined,undefined,undefined,undefined,undefined,undefined,undefined,undefined,undefined,undefined,undefined,undefined,undefined,undefined,undefined,undefined,undefined,undefined,undefined,undefined,undefined,undefined,undefined,undefined,undefined,undefined,undefined,undefined,undefined,undefined,undefined,undefined,undefined,undefined,undefined,undefined,undefined,undefined,undefined,undefined,undefined,undefined,undefined,undefined,undefined,undefined,undefined,undefined,undefined,undefined,undefined
Dimethylheptylpyran,32904-22-6,Psychomimetic,370.58,9.54,Phenol,Other,High,0.001,1e-05,undefined,undefined,undefined,undefined,undefined,undefined,undefined,undefined,undefined,undefined,undefined,undefined,undefined,undefined,undefined,undefined,undefined,undefined,undefined,undefined,undefined,undefined,undefined,undefined,undefined,undefined,undefined,undefined,undefined,undefined,undefined,undefined,undefined,undefined,undefined,undefined,undefined,undefined,undefined,undefined,undefined,undefined,undefined,undefined,undefined,undefined,undefined,undefined,undefined,undefined,undefined,undefined,undefined,undefined,undefined,undefined,undefined,undefined,undefined,undefined,undefined
Dinitrogen Tetroxide,10544-72-6,Lung injurant,92.01,0.43,Nitro,Other,Low,0.001,1e-05,0.43,0.94,0.94,0.94,0.94,0.94,37.6,28.6,15.4,23.3,13.2,64.0,48.9,26.3,37.6,21.4,1.03,1.03,1.03,1.03,1.03,1.03,1.03,1.03,1.03,1.03,1.03,1.03,1.03,1.03,1.03,53582.0,160743.8,1285943.5,321486.7,2571886.0,53582.0,160743.8,1285943.5,321486.7,2571886.0,53582.0,160743.8,1285943.5,321486.7,2571886.0,2232.58,6697.66,53580.98,13395.28,107161.92,2232.58,6697.66,53580.98,13395.28,107161.92,2232.58,6697.66,53580.98,13395.28,107161.92
Diphenylchloroarsine,712-48-1,Vomiting agent,264.59,4.52,undefined,Cl,Medium,0.001,0.00080196945494,undefined,undefined,undefined,undefined,undefined,undefined,undefined,undefined,undefined,undefined,undefined,undefined,undefined,undefined,undefined,undefined,undefined,undefined,undefined,undefined,undefined,undefined,undefined,undefined,undefined,undefined,undefined,undefined,undefined,undefined,undefined,undefined,undefined,undefined,undefined,undefined,undefined,undefined,undefined,undefined,undefined,undefined,undefined,undefined,undefined,undefined,undefined,undefined,undefined,undefined,undefined,undefined,undefined,undefined,undefined,undefined,undefined,undefined,undefined,undefined,undefined
Diphenylcyanoarsine,23525-22-6,Vomiting agent,255.15,3.29,undefined,CN,Medium,0.001,0.0002796015147868,undefined,undefined,undefined,undefined,undefined,undefined,undefined,undefined,undefined,undefined,undefined,undefined,undefined,undefined,undefined,undefined,undefined,undefined,undefined,undefined,undefined,undefined,undefined,undefined,undefined,undefined,undefined,undefined,undefined,undefined,undefined,undefined,undefined,undefined,undefined,undefined,undefined,undefined,undefined,undefined,undefined,undefined,undefined,undefined,undefined,undefined,undefined,undefined,undefined,undefined,undefined,undefined,undefined,undefined,undefined,undefined,undefined,undefined,undefined,undefined,undefined
Diphosgene,503-38-8,Lung injurant,197.83,1.49,Carbonyl,Cl,Medium,0.001,0.005,undefined,undefined,undefined,undefined,undefined,undefined,undefined,undefined,undefined,undefined,undefined,undefined,undefined,undefined,undefined,undefined,undefined,undefined,undefined,undefined,undefined,undefined,undefined,undefined,undefined,undefined,undefined,undefined,undefined,undefined,undefined,undefined,undefined,undefined,undefined,undefined,undefined,undefined,undefined,undefined,undefined,undefined,undefined,undefined,undefined,undefined,undefined,undefined,undefined,undefined,undefined,undefined,undefined,undefined,undefined,undefined,undefined,undefined,undefined,undefined,undefined
Disulfur Decafluoride,5714-22-7,Lung injurant,254.1,3.06,undefined,F,Medium,0.001,0.0017632312468485,undefined,undefined,undefined,undefined,undefined,undefined,undefined,undefined,undefined,undefined,undefined,undefined,undefined,undefined,undefined,undefined,undefined,undefined,undefined,undefined,undefined,undefined,undefined,undefined,undefined,undefined,undefined,undefined,undefined,undefined,undefined,undefined,undefined,undefined,undefined,undefined,undefined,undefined,undefined,undefined,undefined,undefined,undefined,undefined,undefined,undefined,undefined,undefined,undefined,undefined,undefined,undefined,undefined,undefined,undefined,undefined,undefined,undefined,undefined,undefined,undefined
Ditran,8015-54-1,Psychomimetic,339.43,3.02,Carbonyl,Cl,High,0.001,0.001768301451837,undefined,undefined,undefined,undefined,undefined,undefined,undefined,undefined,undefined,undefined,undefined,undefined,undefined,undefined,undefined,undefined,undefined,undefined,undefined,undefined,undefined,undefined,undefined,undefined,undefined,undefined,undefined,undefined,undefined,undefined,undefined,undefined,undefined,undefined,undefined,undefined,undefined,undefined,undefined,undefined,undefined,undefined,undefined,undefined,undefined,undefined,undefined,undefined,undefined,undefined,undefined,undefined,undefined,undefined,undefined,undefined,undefined,undefined,undefined,undefined,undefined
Enflurane,13838-16-9,Psychomimetic,184.49,2.1,undefined,F,Medium,0.001,0.005,undefined,undefined,undefined,undefined,undefined,undefined,undefined,undefined,undefined,undefined,undefined,undefined,undefined,undefined,undefined,undefined,undefined,undefined,undefined,undefined,undefined,undefined,undefined,undefined,undefined,undefined,undefined,undefined,undefined,undefined,undefined,undefined,undefined,undefined,undefined,undefined,undefined,undefined,undefined,undefined,undefined,undefined,undefined,undefined,undefined,undefined,undefined,undefined,undefined,undefined,undefined,undefined,undefined,undefined,undefined,undefined,undefined,undefined,undefined,undefined,undefined
Ethyl Bromoacetate,105-36-2,Lung injurant,167.0,1.12,Carbonyl,Br,Medium,0.001,0.005,undefined,undefined,undefined,undefined,undefined,undefined,undefined,undefined,undefined,undefined,undefined,undefined,undefined,undefined,undefined,undefined,undefined,undefined,undefined,undefined,undefined,undefined,undefined,undefined,undefined,undefined,undefined,undefined,undefined,undefined,undefined,undefined,undefined,undefined,undefined,undefined,undefined,undefined,undefined,undefined,undefined,undefined,undefined,undefined,undefined,undefined,undefined,undefined,undefined,undefined,undefined,undefined,undefined,undefined,undefined,undefined,undefined,undefined,undefined,undefined,undefined
Ethyl Iodoacetate,623-48-3,Riot control,214.0,1.62,Carbonyl,Other,Medium,0.001,1e-05,undefined,undefined,undefined,undefined,undefined,undefined,undefined,undefined,undefined,undefined,undefined,undefined,undefined,undefined,undefined,undefined,undefined,undefined,undefined,undefined,undefined,undefined,undefined,undefined,undefined,undefined,undefined,undefined,undefined,undefined,undefined,undefined,undefined,undefined,undefined,undefined,undefined,undefined,undefined,undefined,undefined,undefined,undefined,undefined,undefined,undefined,undefined,undefined,undefined,undefined,undefined,undefined,undefined,undefined,undefined,undefined,undefined,undefined,undefined,undefined,undefined
Ethyldichloroarsine,598-14-1,Blister agent,174.89,2.34,undefined,Cl,Medium,0.4,0.0084885249204119,undefined,undefined,undefined,undefined,undefined,undefined,undefined,undefined,undefined,undefined,undefined,undefined,undefined,undefined,undefined,undefined,undefined,undefined,undefined,undefined,undefined,undefined,undefined,undefined,undefined,undefined,undefined,undefined,undefined,undefined,undefined,undefined,undefined,undefined,undefined,undefined,undefined,undefined,undefined,undefined,undefined,undefined,undefined,undefined,undefined,undefined,undefined,undefined,undefined,undefined,undefined,undefined,undefined,undefined,undefined,undefined,undefined,undefined,undefined,undefined,undefined
Etonitazene,911-65-9,Psychomimetic,396.49,5.11,"Nitro, Phenol",Other,High,0.001,1e-05,undefined,undefined,undefined,undefined,undefined,undefined,undefined,undefined,undefined,undefined,undefined,undefined,undefined,undefined,undefined,undefined,undefined,undefined,undefined,undefined,undefined,undefined,undefined,undefined,undefined,undefined,undefined,undefined,undefined,undefined,undefined,undefined,undefined,undefined,undefined,undefined,undefined,undefined,undefined,undefined,undefined,undefined,undefined,undefined,undefined,undefined,undefined,undefined,undefined,undefined,undefined,undefined,undefined,undefined,undefined,undefined,undefined,undefined,undefined,undefined,undefined
Etorphine,14521-96-1,Psychomimetic,411.55,2.79,Phenol,Other,High,0.001,1e-05,undefined,undefined,undefined,undefined,undefined,undefined,undefined,undefined,undefined,undefined,undefined,undefined,undefined,undefined,undefined,undefined,undefined,undefined,undefined,undefined,undefined,undefined,undefined,undefined,undefined,undefined,undefined,undefined,undefined,undefined,undefined,undefined,undefined,undefined,undefined,undefined,undefined,undefined,undefined,undefined,undefined,undefined,undefined,undefined,undefined,undefined,undefined,undefined,undefined,undefined,undefined,undefined,undefined,undefined,undefined,undefined,undefined,undefined,undefined,undefined,undefined
Fluomine Dust,62207-76-5,Lung injurant,361.22,4.93,Phenol,F,High,0.001,0.0001253421944392,undefined,undefined,undefined,undefined,undefined,undefined,undefined,undefined,undefined,undefined,undefined,undefined,undefined,undefined,undefined,undefined,undefined,undefined,undefined,undefined,undefined,undefined,undefined,undefined,undefined,undefined,undefined,undefined,undefined,undefined,undefined,undefined,undefined,undefined,undefined,undefined,undefined,undefined,undefined,undefined,undefined,undefined,undefined,undefined,undefined,undefined,undefined,undefined,undefined,undefined,undefined,undefined,undefined,undefined,undefined,undefined,undefined,undefined,undefined,undefined,undefined
Fluorine,7782-41-4,Lung injurant,38.0,0.22,undefined,F,Low,0.001,0.005,0.22,2.64,2.64,2.64,2.64,2.64,31.1,17.1,3.57,7.77,3.57,56.0,29.5,8.86,20.2,8.86,0.62,0.62,0.62,0.62,0.62,0.62,0.62,0.62,0.62,0.62,0.62,0.62,0.62,0.62,0.62,36741.9,110224.5,881791.4,220448.3,1763582.2,36741.9,110224.5,881791.4,220448.3,1763582.2,36741.9,110224.5,881791.4,220448.3,1763582.2,1530.91,4592.69,36741.31,9185.35,73482.59,1530.91,4592.69,36741.31,9185.35,73482.59,1530.91,4592.69,36741.31,9185.35,73482.59
Glycolonitrile,107-16-4,Blood agent,57.05,-1.61,undefined,CN,Low,0.001,0.0012544347754355,undefined,undefined,undefined,undefined,undefined,undefined,undefined,undefined,undefined,undefined,undefined,undefined,undefined,undefined,undefined,undefined,undefined,undefined,undefined,undefined,undefined,undefined,undefined,undefined,undefined,undefined,undefined,undefined,undefined,undefined,undefined,undefined,undefined,undefined,undefined,undefined,undefined,undefined,undefined,undefined,undefined,undefined,undefined,undefined,undefined,undefined,undefined,undefined,undefined,undefined,undefined,undefined,undefined,undefined,undefined,undefined,undefined,undefined,undefined,undefined,undefined
Halothane,151-67-7,Psychomimetic,197.38,2.3,undefined,F,Medium,0.001,0.0042231785756008,undefined,undefined,undefined,undefined,undefined,undefined,undefined,undefined,undefined,undefined,undefined,undefined,undefined,undefined,undefined,undefined,undefined,undefined,undefined,undefined,undefined,undefined,undefined,undefined,undefined,undefined,undefined,undefined,undefined,undefined,undefined,undefined,undefined,undefined,undefined,undefined,undefined,undefined,undefined,undefined,undefined,undefined,undefined,undefined,undefined,undefined,undefined,undefined,undefined,undefined,undefined,undefined,undefined,undefined,undefined,undefined,undefined,undefined,undefined,undefined,undefined
Hcn,74-90-8,Blood agent,27.03,-0.25,undefined,CN,Low,0.001,0.0046027092291999,undefined,undefined,undefined,undefined,undefined,undefined,undefined,undefined,undefined,undefined,undefined,undefined,undefined,undefined,undefined,undefined,undefined,undefined,undefined,undefined,undefined,undefined,undefined,undefined,undefined,undefined,undefined,undefined,undefined,undefined,undefined,undefined,undefined,undefined,undefined,undefined,undefined,undefined,undefined,undefined,undefined,undefined,undefined,undefined,undefined,undefined,undefined,undefined,undefined,undefined,undefined,undefined,undefined,undefined,undefined,undefined,undefined,undefined,undefined,undefined,undefined
Hexamethylene Diisocyanate,822-06-0,Riot control,168.2,3.2,Carbonyl,Other,Medium,0.001,1e-05,undefined,undefined,undefined,undefined,undefined,undefined,undefined,undefined,undefined,undefined,undefined,undefined,undefined,undefined,undefined,undefined,undefined,undefined,undefined,undefined,undefined,undefined,undefined,undefined,undefined,undefined,undefined,undefined,undefined,undefined,undefined,undefined,undefined,undefined,undefined,undefined,undefined,undefined,undefined,undefined,undefined,undefined,undefined,undefined,undefined,undefined,undefined,undefined,undefined,undefined,undefined,undefined,undefined,undefined,undefined,undefined,undefined,undefined,undefined,undefined,undefined
Hn-1,538-07-8,Blister agent,170.08,1.4,undefined,Cl,Medium,0.4,0.0219405218974251,undefined,undefined,undefined,undefined,undefined,undefined,undefined,undefined,undefined,undefined,undefined,undefined,undefined,undefined,undefined,undefined,undefined,undefined,undefined,undefined,undefined,undefined,undefined,undefined,undefined,undefined,undefined,undefined,undefined,undefined,undefined,undefined,undefined,undefined,undefined,undefined,undefined,undefined,undefined,undefined,undefined,undefined,undefined,undefined,undefined,undefined,undefined,undefined,undefined,undefined,undefined,undefined,undefined,undefined,undefined,undefined,undefined,undefined,undefined,undefined,undefined
Hn-2,51-75-2,Blister agent,156.05,0.91,undefined,Cl,Medium,0.4,0.0368330390273233,undefined,undefined,undefined,undefined,undefined,undefined,undefined,undefined,undefined,undefined,undefined,undefined,undefined,undefined,undefined,undefined,undefined,undefined,undefined,undefined,undefined,undefined,undefined,undefined,undefined,undefined,undefined,undefined,undefined,undefined,undefined,undefined,undefined,undefined,undefined,undefined,undefined,undefined,undefined,undefined,undefined,undefined,undefined,undefined,undefined,undefined,undefined,undefined,undefined,undefined,undefined,undefined,undefined,undefined,undefined,undefined,undefined,undefined,undefined,undefined,undefined
Hn-3,555-77-1,Blister agent,204.5,1.65,undefined,Cl,Medium,0.4,0.0159505807950292,undefined,undefined,undefined,undefined,undefined,undefined,undefined,undefined,undefined,undefined,undefined,undefined,undefined,undefined,undefined,undefined,undefined,undefined,undefined,undefined,undefined,undefined,undefined,undefined,undefined,undefined,undefined,undefined,undefined,undefined,undefined,undefined,undefined,undefined,undefined,undefined,undefined,undefined,undefined,undefined,undefined,undefined,undefined,undefined,undefined,undefined,undefined,undefined,undefined,undefined,undefined,undefined,undefined,undefined,undefined,undefined,undefined,undefined,undefined,undefined,undefined
Hydrogen Chloride,7647-01-0,Lung injurant,36.46,0.25,undefined,Cl,Low,0.001,0.005,0.25,2.68,2.68,2.68,2.68,2.68,149.0,64.1,16.4,32.8,16.4,925.0,313.0,38.8,149.0,38.8,0.59,0.59,0.59,0.59,0.59,0.59,0.59,0.59,0.59,0.59,0.59,0.59,0.59,0.59,0.59,10858.4,32574.1,260588.9,65147.7,521177.3,10858.4,32574.1,260588.9,65147.7,521177.3,10858.4,32574.1,260588.9,65147.7,521177.3,452.44,1357.26,10857.87,2714.49,21715.72,452.44,1357.26,10857.87,2714.49,21715.72,452.44,1357.26,10857.87,2714.49,21715.72
Hydrogen Sulfide,7783-06-4,Blood agent,34.08,-1.38,undefined,S,Low,0.001,0.0007539704614284,undefined,undefined,undefined,undefined,undefined,undefined,undefined,undefined,undefined,undefined,undefined,undefined,undefined,undefined,undefined,undefined,undefined,undefined,undefined,undefined,undefined,undefined,undefined,undefined,undefined,undefined,undefined,undefined,undefined,undefined,undefined,undefined,undefined,undefined,undefined,undefined,undefined,undefined,undefined,undefined,undefined,undefined,undefined,undefined,undefined,undefined,undefined,undefined,undefined,undefined,undefined,undefined,undefined,undefined,undefined,undefined,undefined,undefined,undefined,undefined,undefined
Iodoacetone,3019-04-3,Riot control,183.98,0.52,Carbonyl,Other,Medium,0.001,1e-05,undefined,undefined,undefined,undefined,undefined,undefined,undefined,undefined,undefined,undefined,undefined,undefined,undefined,undefined,undefined,undefined,undefined,undefined,undefined,undefined,undefined,undefined,undefined,undefined,undefined,undefined,undefined,undefined,undefined,undefined,undefined,undefined,undefined,undefined,undefined,undefined,undefined,undefined,undefined,undefined,undefined,undefined,undefined,undefined,undefined,undefined,undefined,undefined,undefined,undefined,undefined,undefined,undefined,undefined,undefined,undefined,undefined,undefined,undefined,undefined,undefined
Isoflurane,26675-46-7,Psychomimetic,184.49,2.06,undefined,F,Medium,0.001,0.005,undefined,undefined,undefined,undefined,undefined,undefined,undefined,undefined,undefined,undefined,undefined,undefined,undefined,undefined,undefined,undefined,undefined,undefined,undefined,undefined,undefined,undefined,undefined,undefined,undefined,undefined,undefined,undefined,undefined,undefined,undefined,undefined,undefined,undefined,undefined,undefined,undefined,undefined,undefined,undefined,undefined,undefined,undefined,undefined,undefined,undefined,undefined,undefined,undefined,undefined,undefined,undefined,undefined,undefined,undefined,undefined,undefined,undefined,undefined,undefined,undefined
Ketene,463-51-4,Lung injurant,42.04,-0.52,"Alkene, Carbonyl",Other,Low,0.001,1e-05,-0.52,undefined,undefined,undefined,undefined,undefined,0.138,0.138,0.0688,0.108,0.0499,0.413,0.413,0.206,0.327,0.151,undefined,undefined,undefined,undefined,undefined,1.32,1.32,1.32,1.32,1.32,1.32,1.32,1.32,1.32,1.32,undefined,undefined,undefined,undefined,undefined,565.6,1694.1,13543.3,3386.8,27085.2,565.6,1694.1,13543.3,3386.8,27085.2,undefined,undefined,undefined,undefined,undefined,23.57,70.59,564.3,141.12,1128.55,23.57,70.59,564.3,141.12,1128.55
Lactonitrile,78-97-7,Blood agent,71.08,-0.94,undefined,CN,Low,0.001,0.0025212255003959,undefined,undefined,undefined,undefined,undefined,undefined,undefined,undefined,undefined,undefined,undefined,undefined,undefined,undefined,undefined,undefined,undefined,undefined,undefined,undefined,undefined,undefined,undefined,undefined,undefined,undefined,undefined,undefined,undefined,undefined,undefined,undefined,undefined,undefined,undefined,undefined,undefined,undefined,undefined,undefined,undefined,undefined,undefined,undefined,undefined,undefined,undefined,undefined,undefined,undefined,undefined,undefined,undefined,undefined,undefined,undefined,undefined,undefined,undefined,undefined,undefined
Lewisite,541-25-3,Blister agent,207.31,2.56,Alkene,Cl,Medium,0.4,0.0063845131786862,undefined,undefined,undefined,undefined,undefined,undefined,undefined,undefined,undefined,undefined,undefined,undefined,undefined,undefined,undefined,undefined,undefined,undefined,undefined,undefined,undefined,undefined,undefined,undefined,undefined,undefined,undefined,undefined,undefined,undefined,undefined,undefined,undefined,undefined,undefined,undefined,undefined,undefined,undefined,undefined,undefined,undefined,undefined,undefined,undefined,undefined,undefined,undefined,undefined,undefined,undefined,undefined,undefined,undefined,undefined,undefined,undefined,undefined,undefined,undefined,undefined
Lysergic Acid Diethylamide,50-37-3,Psychomimetic,323.44,2.95,Carbonyl,Other,High,0.001,1e-05,undefined,undefined,undefined,undefined,undefined,undefined,undefined,undefined,undefined,undefined,undefined,undefined,undefined,undefined,undefined,undefined,undefined,undefined,undefined,undefined,undefined,undefined,undefined,undefined,undefined,undefined,undefined,undefined,undefined,undefined,undefined,undefined,undefined,undefined,undefined,undefined,undefined,undefined,undefined,undefined,undefined,undefined,undefined,undefined,undefined,undefined,undefined,undefined,undefined,undefined,undefined,undefined,undefined,undefined,undefined,undefined,undefined,undefined,undefined,undefined,undefined
Mercuric Chloride,7487-94-7,Lung injurant,271.5,-0.22,undefined,Cl,Medium,0.001,0.005,undefined,undefined,undefined,undefined,undefined,undefined,undefined,undefined,undefined,undefined,undefined,undefined,undefined,undefined,undefined,undefined,undefined,undefined,undefined,undefined,undefined,undefined,undefined,undefined,undefined,undefined,undefined,undefined,undefined,undefined,undefined,undefined,undefined,undefined,undefined,undefined,undefined,undefined,undefined,undefined,undefined,undefined,undefined,undefined,undefined,undefined,undefined,undefined,undefined,undefined,undefined,undefined,undefined,undefined,undefined,undefined,undefined,undefined,undefined,undefined,undefined
Methanesulfonyl Fluoride,558-25-8,Nerve agent,98.1,0.55,undefined,F,Low,1.0,0.0358098503652842,undefined,undefined,undefined,undefined,undefined,undefined,undefined,undefined,undefined,undefined,undefined,undefined,undefined,undefined,undefined,undefined,undefined,undefined,undefined,undefined,undefined,undefined,undefined,undefined,undefined,undefined,undefined,undefined,undefined,undefined,undefined,undefined,undefined,undefined,undefined,undefined,undefined,undefined,undefined,undefined,undefined,undefined,undefined,undefined,undefined,undefined,undefined,undefined,undefined,undefined,undefined,undefined,undefined,undefined,undefined,undefined,undefined,undefined,undefined,undefined,undefined
Methyl Bromide,74-83-9,Lung injurant,94.94,1.19,undefined,Br,Low,0.001,0.005,1.19,undefined,undefined,undefined,undefined,undefined,3650.0,1480.0,260.0,815.0,260.0,12800.0,5050.0,893.0,2870.0,505.0,undefined,undefined,undefined,undefined,undefined,0.54,0.54,0.54,0.54,0.54,0.54,0.54,0.54,0.54,0.54,undefined,undefined,undefined,undefined,undefined,5252.8,15757.4,126055.4,31514.3,252110.2,5252.8,15757.4,126055.4,31514.3,252110.2,undefined,undefined,undefined,undefined,undefined,218.87,656.56,5252.31,1313.09,10504.59,218.87,656.56,5252.31,1313.09,10504.59
Methyl Cyanoformate,17640-15-2,Blood agent,85.06,-1.1,Carbonyl,CN,Low,0.001,0.0022093648874734,undefined,undefined,undefined,undefined,undefined,undefined,undefined,undefined,undefined,undefined,undefined,undefined,undefined,undefined,undefined,undefined,undefined,undefined,undefined,undefined,undefined,undefined,undefined,undefined,undefined,undefined,undefined,undefined,undefined,undefined,undefined,undefined,undefined,undefined,undefined,undefined,undefined,undefined,undefined,undefined,undefined,undefined,undefined,undefined,undefined,undefined,undefined,undefined,undefined,undefined,undefined,undefined,undefined,undefined,undefined,undefined,undefined,undefined,undefined,undefined,undefined
Methyl Isocyanate,624-83-9,Lung injurant,57.05,0.79,Carbonyl,Other,Low,0.001,1e-05,0.79,undefined,undefined,undefined,undefined,undefined,0.933,0.303,0.0396,0.156,0.018,2.8,0.933,0.116,0.466,0.058,undefined,undefined,undefined,undefined,undefined,0.47,0.47,0.47,0.47,0.47,0.47,0.47,0.47,0.47,0.47,undefined,undefined,undefined,undefined,undefined,747.1,2240.2,17918.5,4480.0,35836.5,747.1,2240.2,17918.5,4480.0,35836.5,undefined,undefined,undefined,undefined,undefined,31.13,93.34,746.6,186.67,1493.19,31.13,93.34,746.6,186.67,1493.19
Methyl Vinyl Ketone,78-94-4,Lung injurant,70.09,0.41,"Alkene, Carbonyl",Other,Low,0.001,1e-05,0.41,0.487,0.487,0.487,0.487,0.487,4.3,4.3,2.18,3.44,1.43,8.89,8.89,4.3,6.88,2.87,0.79,0.79,0.79,0.79,0.79,0.79,0.79,0.79,0.79,0.79,0.79,0.79,0.79,0.79,0.79,79.8,237.9,1897.3,474.9,3793.8,79.8,237.9,1897.3,474.9,3793.8,79.8,237.9,1897.3,474.9,3793.8,3.33,9.91,79.05,19.79,158.08,3.33,9.91,79.05,19.79,158.08,3.33,9.91,79.05,19.79,158.08
Methyldichloroarsine,593-89-5,Blister agent,160.86,1.85,undefined,Cl,Medium,0.4,0.0142502612809147,undefined,undefined,undefined,undefined,undefined,undefined,undefined,undefined,undefined,undefined,undefined,undefined,undefined,undefined,undefined,undefined,undefined,undefined,undefined,undefined,undefined,undefined,undefined,undefined,undefined,undefined,undefined,undefined,undefined,undefined,undefined,undefined,undefined,undefined,undefined,undefined,undefined,undefined,undefined,undefined,undefined,undefined,undefined,undefined,undefined,undefined,undefined,undefined,undefined,undefined,undefined,undefined,undefined,undefined,undefined,undefined,undefined,undefined,undefined,undefined,undefined
N-Ethyl-3-Piperidyl Benzilate,3567-12-2,Psychomimetic,339.44,3.2,Carbonyl,Other,High,0.001,1e-05,undefined,undefined,undefined,undefined,undefined,undefined,undefined,undefined,undefined,undefined,undefined,undefined,undefined,undefined,undefined,undefined,undefined,undefined,undefined,undefined,undefined,undefined,undefined,undefined,undefined,undefined,undefined,undefined,undefined,undefined,undefined,undefined,undefined,undefined,undefined,undefined,undefined,undefined,undefined,undefined,undefined,undefined,undefined,undefined,undefined,undefined,undefined,undefined,undefined,undefined,undefined,undefined,undefined,undefined,undefined,undefined,undefined,undefined,undefined,undefined,undefined
N-Methyl-3-Piperidyl Benzilate,3321-80-0,Psychomimetic,325.41,2.71,Carbonyl,Other,High,0.001,1e-05,undefined,undefined,undefined,undefined,undefined,undefined,undefined,undefined,undefined,undefined,undefined,undefined,undefined,undefined,undefined,undefined,undefined,undefined,undefined,undefined,undefined,undefined,undefined,undefined,undefined,undefined,undefined,undefined,undefined,undefined,undefined,undefined,undefined,undefined,undefined,undefined,undefined,undefined,undefined,undefined,undefined,undefined,undefined,undefined,undefined,undefined,undefined,undefined,undefined,undefined,undefined,undefined,undefined,undefined,undefined,undefined,undefined,undefined,undefined,undefined,undefined
Nitric Oxide,10102-43-9,Lung injurant,31.01,0.74,undefined,Other,Low,0.001,1e-05,undefined,undefined,undefined,undefined,undefined,undefined,undefined,undefined,undefined,undefined,undefined,undefined,undefined,undefined,undefined,undefined,undefined,undefined,undefined,undefined,undefined,undefined,undefined,undefined,undefined,undefined,undefined,undefined,undefined,undefined,undefined,undefined,undefined,undefined,undefined,undefined,undefined,undefined,undefined,undefined,undefined,undefined,undefined,undefined,undefined,undefined,undefined,undefined,undefined,undefined,undefined,undefined,undefined,undefined,undefined,undefined,undefined,undefined,undefined,undefined,undefined
Nitrogen Dioxide,10102-44-0,Lung injurant,46.01,-0.58,undefined,Other,Low,0.001,1e-05,-0.58,0.941,0.941,0.941,0.941,0.941,37.6,28.2,15.4,22.6,12.6,64.0,47.0,26.3,37.6,20.7,1.47,1.47,1.47,1.47,1.47,1.47,1.47,1.47,1.47,1.47,1.47,1.47,1.47,1.47,1.47,137408.9,412223.8,3297780.5,824446.2,6595559.5,137408.9,412223.8,3297780.5,824446.2,6595559.5,137408.9,412223.8,3297780.5,824446.2,6595559.5,5725.37,17175.99,137407.52,34351.93,274814.98,5725.37,17175.99,137407.52,34351.93,274814.98,5725.37,17175.99,137407.52,34351.93,274814.98
Osmium Tetroxide,20816-12-0,Lung injurant,254.23,2.23,undefined,Other,Medium,0.001,1e-05,2.23,undefined,undefined,undefined,undefined,undefined,0.156,0.114,0.0343,0.0873,0.0177,52.0,52.0,26.0,41.6,20.8,undefined,undefined,undefined,undefined,undefined,1.8,1.8,1.8,1.8,1.8,1.8,1.8,1.8,1.8,1.8,undefined,undefined,undefined,undefined,undefined,0.2,0.2,0.2,0.2,0.2,0.2,0.2,0.2,0.2,0.2,undefined,undefined,undefined,undefined,undefined,0.01,0.01,0.01,0.01,0.01,0.01,0.01,0.01,0.01,0.01
Pentazocine,359-83-1,Psychomimetic,285.43,4.64,"Alkene, Phenol",Other,Medium,0.001,1e-05,undefined,undefined,undefined,undefined,undefined,undefined,undefined,undefined,undefined,undefined,undefined,undefined,undefined,undefined,undefined,undefined,undefined,undefined,undefined,undefined,undefined,undefined,undefined,undefined,undefined,undefined,undefined,undefined,undefined,undefined,undefined,undefined,undefined,undefined,undefined,undefined,undefined,undefined,undefined,undefined,undefined,undefined,undefined,undefined,undefined,undefined,undefined,undefined,undefined,undefined,undefined,undefined,undefined,undefined,undefined,undefined,undefined,undefined,undefined,undefined,undefined
Perchloromethyl Mercaptan,594-42-3,Lung injurant,185.88,3.47,undefined,Cl,Medium,0.001,0.0026824625700688,3.47,0.0988,0.0988,0.0988,0.0988,0.0988,4.03,2.81,0.585,2.28,0.281,12.2,8.36,1.75,6.84,0.836,0.36,0.36,0.36,0.36,0.36,0.36,0.36,0.36,0.36,0.36,0.36,0.36,0.36,0.36,0.36,17.8,52.6,418.5,104.9,836.7,17.8,52.6,418.5,104.9,836.7,17.8,52.6,418.5,104.9,836.7,0.74,2.19,17.44,4.37,34.86,0.74,2.19,17.44,4.37,34.86,0.74,2.19,17.44,4.37,34.86
Perchloryl Fluoride,7616-94-6,Lung injurant,102.45,-3.22,undefined,Other,Low,0.001,1e-05,-3.22,7.54,7.54,3.85,6.29,2.51,20.9,20.9,10.5,16.8,5.03,62.9,62.9,31.4,50.3,15.5,47.71,47.71,47.71,47.71,47.71,47.71,47.71,47.71,47.71,47.71,47.71,47.71,47.71,47.71,47.71,15720835.6,47162411.5,377298957.8,94324775.2,754597867.9,15720835.6,47162411.5,377298957.8,94324775.2,754597867.9,15720835.6,47162411.5,377298957.8,94324775.2,754597867.9,655034.82,1965100.48,15720789.91,3930198.97,31441577.83,655034.82,1965100.48,15720789.91,3930198.97,31441577.83,655034.82,1965100.48,15720789.91,3930198.97,31441577.83
Perfluoroisobutene,382-21-8,Lung injurant,200.03,3.03,Alkene,F,Medium,0.001,0.0020244297611896,3.03,undefined,undefined,undefined,undefined,undefined,5.48,1.8,0.229,0.9,0.115,16.4,5.48,0.679,2.7,0.344,undefined,undefined,undefined,undefined,undefined,0.53,0.53,0.53,0.53,0.53,0.53,0.53,0.53,0.53,0.53,undefined,undefined,undefined,undefined,undefined,5825251.9,17475754.5,139806032.3,34951508.5,279612064.0,5825251.9,17475754.5,139806032.3,34951508.5,279612064.0,undefined,undefined,undefined,undefined,undefined,242718.83,728156.44,5825251.34,1456312.85,11650502.67,242718.83,728156.44,5825251.34,1456312.85,11650502.67
Pethidine,57-42-1,Psychomimetic,247.34,2.72,Carbonyl,Other,Medium,0.001,1e-05,undefined,undefined,undefined,undefined,undefined,undefined,undefined,undefined,undefined,undefined,undefined,undefined,undefined,undefined,undefined,undefined,undefined,undefined,undefined,undefined,undefined,undefined,undefined,undefined,undefined,undefined,undefined,undefined,undefined,undefined,undefined,undefined,undefined,undefined,undefined,undefined,undefined,undefined,undefined,undefined,undefined,undefined,undefined,undefined,undefined,undefined,undefined,undefined,undefined,undefined,undefined,undefined,undefined,undefined,undefined,undefined,undefined,undefined,undefined,undefined,undefined
Phenacyl Bromide,70-11-1,Riot control,199.05,2.19,Carbonyl,Br,Medium,0.001,0.005,undefined,undefined,undefined,undefined,undefined,undefined,undefined,undefined,undefined,undefined,undefined,undefined,undefined,undefined,undefined,undefined,undefined,undefined,undefined,undefined,undefined,undefined,undefined,undefined,undefined,undefined,undefined,undefined,undefined,undefined,undefined,undefined,undefined,undefined,undefined,undefined,undefined,undefined,undefined,undefined,undefined,undefined,undefined,undefined,undefined,undefined,undefined,undefined,undefined,undefined,undefined,undefined,undefined,undefined,undefined,undefined,undefined,undefined,undefined,undefined,undefined
Phencyclidine,77-10-1,Psychomimetic,243.4,4.69,undefined,Other,Medium,0.001,1e-05,undefined,undefined,undefined,undefined,undefined,undefined,undefined,undefined,undefined,undefined,undefined,undefined,undefined,undefined,undefined,undefined,undefined,undefined,undefined,undefined,undefined,undefined,undefined,undefined,undefined,undefined,undefined,undefined,undefined,undefined,undefined,undefined,undefined,undefined,undefined,undefined,undefined,undefined,undefined,undefined,undefined,undefined,undefined,undefined,undefined,undefined,undefined,undefined,undefined,undefined,undefined,undefined,undefined,undefined,undefined,undefined,undefined,undefined,undefined,undefined,undefined
Phenylcarbylamine Chloride,622-44-6,Lung injurant,174.03,2.54,undefined,Cl,Medium,0.001,0.005,undefined,undefined,undefined,undefined,undefined,undefined,undefined,undefined,undefined,undefined,undefined,undefined,undefined,undefined,undefined,undefined,undefined,undefined,undefined,undefined,undefined,undefined,undefined,undefined,undefined,undefined,undefined,undefined,undefined,undefined,undefined,undefined,undefined,undefined,undefined,undefined,undefined,undefined,undefined,undefined,undefined,undefined,undefined,undefined,undefined,undefined,undefined,undefined,undefined,undefined,undefined,undefined,undefined,undefined,undefined,undefined,undefined,undefined,undefined,undefined,undefined
Phenyldichloroarsine,696-28-6,Blister agent,222.93,3.06,undefined,Cl,Medium,0.4,0.003753299208204,undefined,undefined,undefined,undefined,undefined,undefined,undefined,undefined,undefined,undefined,undefined,undefined,undefined,undefined,undefined,undefined,undefined,undefined,undefined,undefined,undefined,undefined,undefined,undefined,undefined,undefined,undefined,undefined,undefined,undefined,undefined,undefined,undefined,undefined,undefined,undefined,undefined,undefined,undefined,undefined,undefined,undefined,undefined,undefined,undefined,undefined,undefined,undefined,undefined,undefined,undefined,undefined,undefined,undefined,undefined,undefined,undefined,undefined,undefined,undefined,undefined
Phosgene,75-44-5,Lung injurant,98.92,-0.71,Carbonyl,Cl,Low,0.001,0.005,-0.71,undefined,undefined,undefined,undefined,undefined,2.43,2.43,0.323,1.21,0.161,14.6,6.07,0.809,3.03,0.364,undefined,undefined,undefined,undefined,undefined,3.3,3.3,3.3,3.3,3.3,3.3,3.3,3.3,3.3,3.3,undefined,undefined,undefined,undefined,undefined,225768.3,677298.4,5418364.3,1354593.6,10836725.3,225768.3,677298.4,5418364.3,1354593.6,10836725.3,undefined,undefined,undefined,undefined,undefined,9407.01,28220.77,225765.18,56441.4,451530.22,9407.01,28220.77,225765.18,56441.4,451530.22
Phosgene Oxime,1794-86-1,Blister agent,113.93,0.73,undefined,Cl,Low,0.4,0.0617460611227711,undefined,undefined,undefined,undefined,undefined,undefined,undefined,undefined,undefined,undefined,undefined,undefined,undefined,undefined,undefined,undefined,undefined,undefined,undefined,undefined,undefined,undefined,undefined,undefined,undefined,undefined,undefined,undefined,undefined,undefined,undefined,undefined,undefined,undefined,undefined,undefined,undefined,undefined,undefined,undefined,undefined,undefined,undefined,undefined,undefined,undefined,undefined,undefined,undefined,undefined,undefined,undefined,undefined,undefined,undefined,undefined,undefined,undefined,undefined,undefined,undefined
Phosphine,7803-51-2,Lung injurant,34.0,-0.27,undefined,Other,Low,0.001,1e-05,-0.27,undefined,undefined,undefined,undefined,undefined,5.56,5.56,0.695,2.78,0.347,10.0,10.0,1.25,5.01,0.625,undefined,undefined,undefined,undefined,undefined,0.94,0.94,0.94,0.94,0.94,0.94,0.94,0.94,0.94,0.94,undefined,undefined,undefined,undefined,undefined,73178.5,219533.7,1756262.9,439066.4,3512524.8,73178.5,219533.7,1756262.9,439066.4,3512524.8,undefined,undefined,undefined,undefined,undefined,3049.1,9147.24,73177.62,18294.43,146355.2,3049.1,9147.24,73177.62,18294.43,146355.2
Phosphorous Trifluoride,7783-55-3,Blood agent,87.97,1.28,undefined,F,Low,0.001,0.005,undefined,undefined,undefined,undefined,undefined,undefined,undefined,undefined,undefined,undefined,undefined,undefined,undefined,undefined,undefined,undefined,undefined,undefined,undefined,undefined,undefined,undefined,undefined,undefined,undefined,undefined,undefined,undefined,undefined,undefined,undefined,undefined,undefined,undefined,undefined,undefined,undefined,undefined,undefined,undefined,undefined,undefined,undefined,undefined,undefined,undefined,undefined,undefined,undefined,undefined,undefined,undefined,undefined,undefined,undefined,undefined,undefined,undefined,undefined,undefined,undefined
"Phosphorus, Elemental, White Or Yellow",7723-14-0,Lung injurant,30.97,-0.27,undefined,Other,Low,0.001,1e-05,-0.27,6.7,4.7,0.93,3.7,0.47,20.0,14.0,2.8,11.0,1.4,85.0,59.0,12.0,47.0,5.9,0.9,0.9,0.9,0.9,0.9,0.9,0.9,0.9,0.9,0.9,0.9,0.9,0.9,0.9,0.9,70374.5,211121.8,1688968.4,422242.8,3377935.9,70374.5,211121.8,1688968.4,422242.8,3377935.9,70374.5,211121.8,1688968.4,422242.8,3377935.9,2932.27,8796.74,70373.68,17593.45,140747.33,2932.27,8796.74,70373.68,17593.45,140747.33,2932.27,8796.74,70373.68,17593.45,140747.33
Procarbazine,671-16-9,Psychomimetic,221.3,0.06,"Carbonyl, Amine",Other,Medium,0.001,1e-05,undefined,undefined,undefined,undefined,undefined,undefined,undefined,undefined,undefined,undefined,undefined,undefined,undefined,undefined,undefined,undefined,undefined,undefined,undefined,undefined,undefined,undefined,undefined,undefined,undefined,undefined,undefined,undefined,undefined,undefined,undefined,undefined,undefined,undefined,undefined,undefined,undefined,undefined,undefined,undefined,undefined,undefined,undefined,undefined,undefined,undefined,undefined,undefined,undefined,undefined,undefined,undefined,undefined,undefined,undefined,undefined,undefined,undefined,undefined,undefined,undefined
Psilocybin,520-52-5,Psychomimetic,284.25,1.0,"Phenol, Phosphate ester",Other,Medium,0.001,1e-05,undefined,undefined,undefined,undefined,undefined,undefined,undefined,undefined,undefined,undefined,undefined,undefined,undefined,undefined,undefined,undefined,undefined,undefined,undefined,undefined,undefined,undefined,undefined,undefined,undefined,undefined,undefined,undefined,undefined,undefined,undefined,undefined,undefined,undefined,undefined,undefined,undefined,undefined,undefined,undefined,undefined,undefined,undefined,undefined,undefined,undefined,undefined,undefined,undefined,undefined,undefined,undefined,undefined,undefined,undefined,undefined,undefined,undefined,undefined,undefined,undefined
Salcomin,14167-18-1,Lung injurant,325.23,4.53,Phenol,Other,High,0.001,1e-05,undefined,undefined,undefined,undefined,undefined,undefined,undefined,undefined,undefined,undefined,undefined,undefined,undefined,undefined,undefined,undefined,undefined,undefined,undefined,undefined,undefined,undefined,undefined,undefined,undefined,undefined,undefined,undefined,undefined,undefined,undefined,undefined,undefined,undefined,undefined,undefined,undefined,undefined,undefined,undefined,undefined,undefined,undefined,undefined,undefined,undefined,undefined,undefined,undefined,undefined,undefined,undefined,undefined,undefined,undefined,undefined,undefined,undefined,undefined,undefined,undefined
Sarin,107-44-8,Nerve agent,140.09,0.3,Organophosphorus,F,Low,1.0,0.0499910008099514,0.3,0.0069,0.004,0.0014,0.0028,0.001,0.087,0.05,0.017,0.035,0.013,0.38,0.19,0.07,0.13,0.051,2.16,2.16,2.16,2.16,2.16,2.16,2.16,2.16,2.16,2.16,2.16,2.16,2.16,2.16,2.16,4.9,10.7,70.2,19.2,138.2,4.9,10.7,70.2,19.2,138.2,4.9,10.7,70.2,19.2,138.2,0.21,0.44,2.92,0.8,5.76,0.21,0.44,2.92,0.8,5.76,0.21,0.44,2.92,0.8,5.76
Seleninyl Chloride,7791-23-3,Blister agent,165.87,-0.15,undefined,Cl,Medium,0.4,0.0423833349798979,undefined,undefined,undefined,undefined,undefined,undefined,undefined,undefined,undefined,undefined,undefined,undefined,undefined,undefined,undefined,undefined,undefined,undefined,undefined,undefined,undefined,undefined,undefined,undefined,undefined,undefined,undefined,undefined,undefined,undefined,undefined,undefined,undefined,undefined,undefined,undefined,undefined,undefined,undefined,undefined,undefined,undefined,undefined,undefined,undefined,undefined,undefined,undefined,undefined,undefined,undefined,undefined,undefined,undefined,undefined,undefined,undefined,undefined,undefined,undefined,undefined
Selenium Dioxide,7446-08-4,Lung injurant,110.96,-0.77,undefined,Other,Low,0.001,1e-05,undefined,undefined,undefined,undefined,undefined,undefined,undefined,undefined,undefined,undefined,undefined,undefined,undefined,undefined,undefined,undefined,undefined,undefined,undefined,undefined,undefined,undefined,undefined,undefined,undefined,undefined,undefined,undefined,undefined,undefined,undefined,undefined,undefined,undefined,undefined,undefined,undefined,undefined,undefined,undefined,undefined,undefined,undefined,undefined,undefined,undefined,undefined,undefined,undefined,undefined,undefined,undefined,undefined,undefined,undefined,undefined,undefined,undefined,undefined,undefined,undefined
Sesquimustard,3563-36-8,Blister agent,219.2,2.99,undefined,Cl,Medium,0.4,0.0040555862107931,undefined,undefined,undefined,undefined,undefined,undefined,undefined,undefined,undefined,undefined,undefined,undefined,undefined,undefined,undefined,undefined,undefined,undefined,undefined,undefined,undefined,undefined,undefined,undefined,undefined,undefined,undefined,undefined,undefined,undefined,undefined,undefined,undefined,undefined,undefined,undefined,undefined,undefined,undefined,undefined,undefined,undefined,undefined,undefined,undefined,undefined,undefined,undefined,undefined,undefined,undefined,undefined,undefined,undefined,undefined,undefined,undefined,undefined,undefined,undefined,undefined
Sevoflurane,28523-86-6,Psychomimetic,200.06,1.75,undefined,F,Medium,0.001,0.005,undefined,undefined,undefined,undefined,undefined,undefined,undefined,undefined,undefined,undefined,undefined,undefined,undefined,undefined,undefined,undefined,undefined,undefined,undefined,undefined,undefined,undefined,undefined,undefined,undefined,undefined,undefined,undefined,undefined,undefined,undefined,undefined,undefined,undefined,undefined,undefined,undefined,undefined,undefined,undefined,undefined,undefined,undefined,undefined,undefined,undefined,undefined,undefined,undefined,undefined,undefined,undefined,undefined,undefined,undefined,undefined,undefined,undefined,undefined,undefined,undefined
Sodium Monofluoroacetate,62-74-8,Blood agent,100.03,-3.78,Carbonyl,F,Low,0.001,0.0007804247200776,undefined,undefined,undefined,undefined,undefined,undefined,undefined,undefined,undefined,undefined,undefined,undefined,undefined,undefined,undefined,undefined,undefined,undefined,undefined,undefined,undefined,undefined,undefined,undefined,undefined,undefined,undefined,undefined,undefined,undefined,undefined,undefined,undefined,undefined,undefined,undefined,undefined,undefined,undefined,undefined,undefined,undefined,undefined,undefined,undefined,undefined,undefined,undefined,undefined,undefined,undefined,undefined,undefined,undefined,undefined,undefined,undefined,undefined,undefined,undefined,undefined
Soman,96-64-0,Nerve agent,182.17,1.78,Organophosphorus,F,Medium,1.0,0.0073229119883978,1.78,0.0035,0.002,0.0007,0.0014,0.0005,0.044,0.025,0.0085,0.018,0.0065,0.38,0.19,0.07,0.13,0.051,1.01,1.01,1.01,1.01,1.01,1.01,1.01,1.01,1.01,1.01,1.01,1.01,1.01,1.01,1.01,5.2,13.7,102.4,26.4,203.8,5.2,13.7,102.4,26.4,203.8,5.2,13.7,102.4,26.4,203.8,0.22,0.57,4.27,1.1,8.49,0.22,0.57,4.27,1.1,8.49,0.22,0.57,4.27,1.1,8.49
Stibine,7803-52-3,Blood agent,124.78,0.73,undefined,Other,Low,0.001,1e-05,undefined,undefined,undefined,undefined,undefined,undefined,undefined,undefined,undefined,undefined,undefined,undefined,undefined,undefined,undefined,undefined,undefined,undefined,undefined,undefined,undefined,undefined,undefined,undefined,undefined,undefined,undefined,undefined,undefined,undefined,undefined,undefined,undefined,undefined,undefined,undefined,undefined,undefined,undefined,undefined,undefined,undefined,undefined,undefined,undefined,undefined,undefined,undefined,undefined,undefined,undefined,undefined,undefined,undefined,undefined,undefined,undefined,undefined,undefined,undefined,undefined
Sulfur Dioxide,7446-09-5,Lung injurant,64.06,-2.2,undefined,S,Low,0.001,0.0003525925677824,-2.2,0.524,0.524,0.524,0.524,0.524,1.97,1.97,1.97,1.97,1.97,78.6,78.6,49.8,78.6,25.2,9.48,9.48,9.48,9.48,9.48,9.48,9.48,9.48,9.48,9.48,9.48,9.48,9.48,9.48,9.48,2.6,3.1,4.6,3.5,5.5,2.6,3.1,4.6,3.5,5.5,2.6,3.1,4.6,3.5,5.5,0.11,0.13,0.19,0.14,0.23,0.11,0.13,0.19,0.14,0.23,0.11,0.13,0.19,0.14,0.23
Sulfur Mustard,505-60-2,Blister agent,159.08,2.14,undefined,Cl,Medium,0.4,0.0107009791010155,undefined,undefined,undefined,undefined,undefined,undefined,undefined,undefined,undefined,undefined,undefined,undefined,undefined,undefined,undefined,undefined,undefined,undefined,undefined,undefined,undefined,undefined,undefined,undefined,undefined,undefined,undefined,undefined,undefined,undefined,undefined,undefined,undefined,undefined,undefined,undefined,undefined,undefined,undefined,undefined,undefined,undefined,undefined,undefined,undefined,undefined,undefined,undefined,undefined,undefined,undefined,undefined,undefined,undefined,undefined,undefined,undefined,undefined,undefined,undefined,undefined
Sulfuryl Fluoride,2699-79-8,Lung injurant,102.06,0.41,undefined,F,Low,0.001,0.005,0.41,undefined,undefined,undefined,undefined,undefined,113.0,113.0,54.3,87.7,28.0,338.0,338.0,167.0,267.0,83.5,undefined,undefined,undefined,undefined,undefined,1.2,1.2,1.2,1.2,1.2,1.2,1.2,1.2,1.2,1.2,undefined,undefined,undefined,undefined,undefined,349031.5,1047092.1,8376728.4,2094183.0,16753455.7,349031.5,1047092.1,8376728.4,2094183.0,16753455.7,undefined,undefined,undefined,undefined,undefined,14542.98,43628.84,349030.35,87257.63,698060.65,14542.98,43628.84,349030.35,87257.63,698060.65
Tabun,77-81-6,Nerve agent,162.13,0.38,Organophosphorus,CN,Medium,1.0,0.0061820513438584,0.38,0.0069,0.004,0.0014,0.0028,0.001,0.087,0.05,0.017,0.035,0.013,0.76,0.38,0.14,0.26,0.1,2.67,2.67,2.67,2.67,2.67,2.67,2.67,2.67,2.67,2.67,2.67,2.67,2.67,2.67,2.67,3.0,5.2,23.6,7.9,44.6,3.0,5.2,23.6,7.9,44.6,3.0,5.2,23.6,7.9,44.6,0.13,0.21,0.99,0.33,1.86,0.13,0.21,0.99,0.33,1.86,0.13,0.21,0.99,0.33,1.86
Tetranitromethane,509-14-8,Lung injurant,196.03,-2.05,Nitro,Other,Medium,0.001,1e-05,-2.05,undefined,undefined,undefined,undefined,undefined,5.29,5.29,2.65,4.17,1.36,17.6,17.6,8.82,13.6,4.41,undefined,undefined,undefined,undefined,undefined,44.39,44.39,44.39,44.39,44.39,44.39,44.39,44.39,44.39,44.39,undefined,undefined,undefined,undefined,undefined,4.8,5.2,6.1,5.5,6.5,4.8,5.2,6.1,5.5,6.5,undefined,undefined,undefined,undefined,undefined,0.2,0.22,0.25,0.23,0.27,0.2,0.22,0.25,0.23,0.27
Thiophosgene,463-71-8,Riot control,114.98,-0.15,undefined,Cl,Low,0.001,0.005,undefined,undefined,undefined,undefined,undefined,undefined,undefined,undefined,undefined,undefined,undefined,undefined,undefined,undefined,undefined,undefined,undefined,undefined,undefined,undefined,undefined,undefined,undefined,undefined,undefined,undefined,undefined,undefined,undefined,undefined,undefined,undefined,undefined,undefined,undefined,undefined,undefined,undefined,undefined,undefined,undefined,undefined,undefined,undefined,undefined,undefined,undefined,undefined,undefined,undefined,undefined,undefined,undefined,undefined,undefined,undefined,undefined,undefined,undefined,undefined,undefined
Trichloronitrosomethane,3711-49-7,Lung injurant,148.38,2.0,undefined,Cl,Low,0.001,0.005,undefined,undefined,undefined,undefined,undefined,undefined,undefined,undefined,undefined,undefined,undefined,undefined,undefined,undefined,undefined,undefined,undefined,undefined,undefined,undefined,undefined,undefined,undefined,undefined,undefined,undefined,undefined,undefined,undefined,undefined,undefined,undefined,undefined,undefined,undefined,undefined,undefined,undefined,undefined,undefined,undefined,undefined,undefined,undefined,undefined,undefined,undefined,undefined,undefined,undefined,undefined,undefined,undefined,undefined,undefined,undefined,undefined,undefined,undefined,undefined,undefined
Trifluoroacetyl Chloride,354-32-5,Lung injurant,132.47,-0.06,Carbonyl,F,Low,0.001,0.005,undefined,undefined,undefined,undefined,undefined,undefined,undefined,undefined,undefined,undefined,undefined,undefined,undefined,undefined,undefined,undefined,undefined,undefined,undefined,undefined,undefined,undefined,undefined,undefined,undefined,undefined,undefined,undefined,undefined,undefined,undefined,undefined,undefined,undefined,undefined,undefined,undefined,undefined,undefined,undefined,undefined,undefined,undefined,undefined,undefined,undefined,undefined,undefined,undefined,undefined,undefined,undefined,undefined,undefined,undefined,undefined,undefined,undefined,undefined,undefined,undefined
Trifluoronitrosomethane,334-99-6,Lung injurant,99.01,1.06,undefined,F,Low,0.001,0.005,undefined,undefined,undefined,undefined,undefined,undefined,undefined,undefined,undefined,undefined,undefined,undefined,undefined,undefined,undefined,undefined,undefined,undefined,undefined,undefined,undefined,undefined,undefined,undefined,undefined,undefined,undefined,undefined,undefined,undefined,undefined,undefined,undefined,undefined,undefined,undefined,undefined,undefined,undefined,undefined,undefined,undefined,undefined,undefined,undefined,undefined,undefined,undefined,undefined,undefined,undefined,undefined,undefined,undefined,undefined,undefined,undefined,undefined,undefined,undefined,undefined
Uranium Hexafluoride,7783-81-5,Lung injurant,352.02,0.21,undefined,F,High,0.001,0.005,0.21,3.6,3.6,undefined,3.6,undefined,28.0,19.0,2.4,9.6,1.2,216.0,72.0,9.0,36.0,4.5,36.09,36.09,undefined,36.09,undefined,36.09,36.09,36.09,36.09,36.09,36.09,36.09,36.09,36.09,36.09,2139309.6,6417856.6,undefined,12835677.0,undefined,2139309.6,6417856.6,51342599.8,12835677.0,102685163.5,2139309.6,6417856.6,51342599.8,12835677.0,102685163.5,89137.9,267410.69,undefined,534819.88,undefined,89137.9,267410.69,2139274.99,534819.88,4278548.48,89137.9,267410.69,2139274.99,534819.88,4278548.48
Xylyl Bromide,104-81-4,Riot control,185.06,3.43,undefined,Br,Medium,0.001,0.005,undefined,undefined,undefined,undefined,undefined,undefined,undefined,undefined,undefined,undefined,undefined,undefined,undefined,undefined,undefined,undefined,undefined,undefined,undefined,undefined,undefined,undefined,undefined,undefined,undefined,undefined,undefined,undefined,undefined,undefined,undefined,undefined,undefined,undefined,undefined,undefined,undefined,undefined,undefined,undefined,undefined,undefined,undefined,undefined,undefined,undefined,undefined,undefined,undefined,undefined,undefined,undefined,undefined,undefined,undefined,undefined,undefined,undefined,undefined,undefined,undefined
